variant,negative_pool,n_samples,n_positive,n_series,n_folds_ran,n_folds_skipped,roc_auc_mean,roc_auc_std,pr_auc_mean,pr_auc_std,accuracy_mean,accuracy_std,sensitivity_mean,sensitivity_std,specificity_mean,specificity_std,f1_mean,f1_std,brier_mean,brier_std,variant_millions_nominal
BulkFormer-37M,neg_hard,31032,8725,1654,5,0,0.780572024880583,0.10549374512234408,0.6101942731612259,0.13439351692984627,0.7145851613850744,0.09206312782051769,0.6811476398453704,0.12048079666494634,0.7316434030012072,0.09247410286398032,0.5825373151596207,0.07756465714511669,0.19224264346722092,0.06088229930173478,37
BulkFormer-37M,neg_whole_corpus,34900,8725,10681,5,0,0.9247034321098635,0.03707831627317352,0.832995211791839,0.07537159917732482,0.8775827481449854,0.01590892540964795,0.8396863488673235,0.06944511966533735,0.887450321577161,0.016276412943861094,0.7693623086923719,0.046328127490931854,0.09127362947202419,0.014578564664439455,37
