{
  "variant": "BulkFormer-37M",
  "negative_pool": "neg_hard",
  "n_samples": 31032,
  "n_positive": 8725,
  "n_negative": 22307,
  "n_series": 1654,
  "seed": 20260707,
  "k_folds": 5,
  "summary": {
    "n_folds_ran": 5,
    "n_folds_skipped": 0,
    "roc_auc_mean": 0.780572024880583,
    "roc_auc_std": 0.10549374512234408,
    "pr_auc_mean": 0.6101942731612259,
    "pr_auc_std": 0.13439351692984627,
    "accuracy_mean": 0.7145851613850744,
    "accuracy_std": 0.09206312782051769,
    "sensitivity_mean": 0.6811476398453704,
    "sensitivity_std": 0.12048079666494634,
    "specificity_mean": 0.7316434030012072,
    "specificity_std": 0.09247410286398032,
    "f1_mean": 0.5825373151596207,
    "f1_std": 0.07756465714511669,
    "brier_mean": 0.19224264346722092,
    "brier_std": 0.06088229930173478
  },
  "folds": [
    {
      "fold": 0,
      "n_train": 28809,
      "n_val": 2223,
      "n_train_pos": 8036,
      "n_val_pos": 689,
      "n_train_neg": 20773,
      "n_val_neg": 1534,
      "train_series_count": 1524,
      "val_series_count": 130,
      "fit_seconds": 0.448,
      "skipped": false,
      "reason": null,
      "roc_auc": 0.7491650314213105,
      "pr_auc": 0.5364155734958379,
      "accuracy": 0.6864597390913181,
      "sensitivity": 0.772133526850508,
      "specificity": 0.6479791395045632,
      "f1": 0.6042021578648495,
      "brier": 0.21923461114902681
    },
    {
      "fold": 1,
      "n_train": 21368,
      "n_val": 9664,
      "n_train_pos": 7036,
      "n_val_pos": 1689,
      "n_train_neg": 14332,
      "n_val_neg": 7975,
      "train_series_count": 1270,
      "val_series_count": 384,
      "fit_seconds": 0.286,
      "skipped": false,
      "reason": null,
      "roc_auc": 0.9101217355152554,
      "pr_auc": 0.6606628208100866,
      "accuracy": 0.8578228476821192,
      "sensitivity": 0.7412670219064535,
      "specificity": 0.8825078369905957,
      "f1": 0.6456936565239815,
      "brier": 0.10066495599958167
    },
    {
      "fold": 2,
      "n_train": 24386,
      "n_val": 6646,
      "n_train_pos": 6946,
      "n_val_pos": 1779,
      "n_train_neg": 17440,
      "n_val_neg": 4867,
      "train_series_count": 1295,
      "val_series_count": 359,
      "fit_seconds": 0.348,
      "skipped": false,
      "reason": null,
      "roc_auc": 0.8940076986572449,
      "pr_auc": 0.8102119665879354,
      "accuracy": 0.7792657237436051,
      "sensitivity": 0.8167509836987071,
      "specificity": 0.7655640024655845,
      "f1": 0.664532357649211,
      "brier": 0.14754228910850453
    },
    {
      "fold": 3,
      "n_train": 23757,
      "n_val": 7275,
      "n_train_pos": 5651,
      "n_val_pos": 3074,
      "n_train_neg": 18106,
      "n_val_neg": 4201,
      "train_series_count": 1261,
      "val_series_count": 393,
      "fit_seconds": 0.342,
      "skipped": false,
      "reason": null,
      "roc_auc": 0.7110096474535836,
      "pr_auc": 0.6373780739608333,
      "accuracy": 0.6437113402061856,
      "sensitivity": 0.5133376707872479,
      "specificity": 0.7391097357771959,
      "f1": 0.5490605427974948,
      "brier": 0.21997482771656415
    },
    {
      "fold": 4,
      "n_train": 25808,
      "n_val": 5224,
      "n_train_pos": 7231,
      "n_val_pos": 1494,
      "n_train_neg": 18577,
      "n_val_neg": 3730,
      "train_series_count": 1266,
      "val_series_count": 388,
      "fit_seconds": 0.343,
      "skipped": false,
      "reason": null,
      "roc_auc": 0.6385560113555204,
      "pr_auc": 0.406302930951436,
      "accuracy": 0.6056661562021439,
      "sensitivity": 0.5622489959839357,
      "specificity": 0.6230563002680966,
      "f1": 0.44919786096256686,
      "brier": 0.2737965333624275
    }
  ]
}