{
  "n_folds": 5,
  "predict_threshold": 0.5,
  "per_metric": {
    "roc_auc": {
      "mean": 0.9427243004583927,
      "std": 0.007500625318971334,
      "min": 0.9341084490791136,
      "max": 0.9490616491637495
    },
    "pr_auc": {
      "mean": 0.8734387999615928,
      "std": 0.02042239778833297,
      "min": 0.8405368630673876,
      "max": 0.8946001050034372
    },
    "accuracy": {
      "mean": 0.9096130395231684,
      "std": 0.025789458238894065,
      "min": 0.8716946723980722,
      "max": 0.9397398843930636
    },
    "sensitivity": {
      "mean": 0.7912822157646677,
      "std": 0.06256684014377657,
      "min": 0.7180742554059567,
      "max": 0.8653725735754539
    },
    "specificity": {
      "mean": 0.9500986929001304,
      "std": 0.007212879686956106,
      "min": 0.9437428243398392,
      "max": 0.9620514747322938
    },
    "f1": {
      "mean": 0.8126739496337759,
      "std": 0.039716600260860706,
      "min": 0.7743396226415094,
      "max": 0.8689091480666457
    }
  },
  "note": "Metrics computed on the matched 10:1 training pool, not the true corpus-wide imbalance. Real-world deployment would require separate calibration \u2014 see writeup."
}