{
  "variant": "BulkFormer-37M",
  "negative_pool": "neg_whole_corpus",
  "n_samples": 34900,
  "n_positive": 8725,
  "n_negative": 26175,
  "n_series": 10681,
  "seed": 20260707,
  "k_folds": 5,
  "summary": {
    "n_folds_ran": 5,
    "n_folds_skipped": 0,
    "roc_auc_mean": 0.9247034321098635,
    "roc_auc_std": 0.03707831627317352,
    "pr_auc_mean": 0.832995211791839,
    "pr_auc_std": 0.07537159917732482,
    "accuracy_mean": 0.8775827481449854,
    "accuracy_std": 0.01590892540964795,
    "sensitivity_mean": 0.8396863488673235,
    "sensitivity_std": 0.06944511966533735,
    "specificity_mean": 0.887450321577161,
    "specificity_std": 0.016276412943861094,
    "f1_mean": 0.7693623086923719,
    "f1_std": 0.046328127490931854,
    "brier_mean": 0.09127362947202419,
    "brier_std": 0.014578564664439455
  },
  "folds": [
    {
      "fold": 0,
      "n_train": 28275,
      "n_val": 6625,
      "n_train_pos": 6956,
      "n_val_pos": 1769,
      "n_train_neg": 21319,
      "n_val_neg": 4856,
      "train_series_count": 8555,
      "val_series_count": 2126,
      "fit_seconds": 0.322,
      "skipped": false,
      "reason": null,
      "roc_auc": 0.9612784892292019,
      "pr_auc": 0.9053867080375406,
      "accuracy": 0.8946415094339623,
      "sensitivity": 0.8925946862634256,
      "specificity": 0.8953871499176277,
      "f1": 0.8189834024896265,
      "brier": 0.07526162571511265
    },
    {
      "fold": 1,
      "n_train": 27942,
      "n_val": 6958,
      "n_train_pos": 6973,
      "n_val_pos": 1752,
      "n_train_neg": 20969,
      "n_val_neg": 5206,
      "train_series_count": 8548,
      "val_series_count": 2133,
      "fit_seconds": 0.289,
      "skipped": false,
      "reason": null,
      "roc_auc": 0.8669944409067865,
      "pr_auc": 0.7672359910770108,
      "accuracy": 0.8505317620005749,
      "sensitivity": 0.742579908675799,
      "specificity": 0.8868613138686131,
      "f1": 0.71444261394838,
      "brier": 0.11371980212154502
    },
    {
      "fold": 2,
      "n_train": 27623,
      "n_val": 7277,
      "n_train_pos": 6467,
      "n_val_pos": 2258,
      "n_train_neg": 21156,
      "n_val_neg": 5019,
      "train_series_count": 8536,
      "val_series_count": 2145,
      "fit_seconds": 0.328,
      "skipped": false,
      "reason": null,
      "roc_auc": 0.9597249671796333,
      "pr_auc": 0.9167654791903298,
      "accuracy": 0.8808574962209702,
      "sensitivity": 0.9348981399468557,
      "specificity": 0.8565451285116558,
      "f1": 0.8296325407742189,
      "brier": 0.09052730375285359
    },
    {
      "fold": 3,
      "n_train": 28055,
      "n_val": 6845,
      "n_train_pos": 7169,
      "n_val_pos": 1556,
      "n_train_neg": 20886,
      "n_val_neg": 5289,
      "train_series_count": 8542,
      "val_series_count": 2139,
      "fit_seconds": 0.302,
      "skipped": false,
      "reason": null,
      "roc_auc": 0.8967476758524385,
      "pr_auc": 0.725601423128698,
      "accuracy": 0.870708546384222,
      "sensitivity": 0.7866323907455013,
      "specificity": 0.8954433730383815,
      "f1": 0.7344734473447345,
      "brier": 0.10038221861298996
    },
    {
      "fold": 4,
      "n_train": 27705,
      "n_val": 7195,
      "n_train_pos": 7335,
      "n_val_pos": 1390,
      "n_train_neg": 20370,
      "n_val_neg": 5805,
      "train_series_count": 8543,
      "val_series_count": 2138,
      "fit_seconds": 0.332,
      "skipped": false,
      "reason": null,
      "roc_auc": 0.9387715873812579,
      "pr_auc": 0.849986457525616,
      "accuracy": 0.8911744266851981,
      "sensitivity": 0.841726618705036,
      "specificity": 0.9030146425495262,
      "f1": 0.7492795389048992,
      "brier": 0.07647719715761975
    }
  ]
}